{
  "elo_range": [
    2800,
    2999
  ],
  "games_analyzed": 250,
  "player_side_samples": 304,
  "avg_acpl": 17.15531392786143,
  "variance_acpl": 335.6034109365503,
  "std_acpl": 18.319481732203844,
  "high_median_acpl": 13.710526315789474,
  "low_median_acpl": 13.575757575757576,
  "avg_accuracy": 95.39316842996156,
  "variance_accuracy": 7.482553151235152,
  "std_accuracy": 2.735425588685452,
  "high_median_accuracy": 95.6677535290006,
  "low_median_accuracy": 95.65758677939449,
  "avg_match_pct": 57.5062707484726,
  "variance_match_pct": 105.7091612675644,
  "std_match_pct": 10.281496061739478,
  "high_median_match_pct": 56.45161290322581,
  "low_median_match_pct": 56.41025641025641,
  "avg_maia_pct": 55.808162362063534,
  "variance_maia_pct": 83.16884576524667,
  "std_maia_pct": 9.119695486431917,
  "high_median_maia_pct": 55.55555555555556,
  "low_median_maia_pct": 55.357142857142854,
  "total_blunders": 205,
  "inference_seconds": 1704.9660846669867
}