{
  "elo_range": [
    800,
    999
  ],
  "games_analyzed": 30,
  "player_side_samples": 32,
  "avg_acpl": 58.77633919418036,
  "variance_acpl": 1190.1926842868338,
  "std_acpl": 34.4991693274901,
  "high_median_acpl": 58.24590163934426,
  "low_median_acpl": 50.92424242424242,
  "avg_accuracy": 90.08952557714184,
  "variance_accuracy": 14.080091888606807,
  "std_accuracy": 3.7523448520367646,
  "high_median_accuracy": 91.19036957247961,
  "low_median_accuracy": 91.06716541591612,
  "avg_match_pct": 39.80328323204444,
  "variance_match_pct": 78.88770158644549,
  "std_match_pct": 8.881874891397958,
  "high_median_match_pct": 40.24390243902439,
  "low_median_match_pct": 38.888888888888886,
  "avg_maia_pct": 47.54532071811936,
  "variance_maia_pct": 92.59410374451357,
  "std_maia_pct": 9.62258300793054,
  "high_median_maia_pct": 47.22222222222222,
  "low_median_maia_pct": 47.05882352941177,
  "total_blunders": 75,
  "inference_seconds": 188.37858791698818
}