{
  "elo_range": [
    2400,
    2599
  ],
  "games_analyzed": 250,
  "player_side_samples": 285,
  "avg_acpl": 18.584115296325468,
  "variance_acpl": 145.76370580316723,
  "std_acpl": 12.07326409067437,
  "high_median_acpl": 15.444444444444445,
  "low_median_acpl": 15.444444444444445,
  "avg_accuracy": 94.82034033978408,
  "variance_accuracy": 5.056522582154914,
  "std_accuracy": 2.248671292598123,
  "high_median_accuracy": 95.13975122282598,
  "low_median_accuracy": 95.13975122282598,
  "avg_match_pct": 55.14710118472804,
  "variance_match_pct": 120.12479014595057,
  "std_match_pct": 10.96014553488915,
  "high_median_match_pct": 54.90196078431372,
  "low_median_match_pct": 54.90196078431372,
  "avg_maia_pct": 55.19105148844739,
  "variance_maia_pct": 67.81435538178386,
  "std_maia_pct": 8.234947199696174,
  "high_median_maia_pct": 55.0,
  "low_median_maia_pct": 55.0,
  "total_blunders": 145,
  "inference_seconds": 1321.0747529169894
}