{
  "elo_range": [
    1800,
    1999
  ],
  "games_analyzed": 250,
  "player_side_samples": 187,
  "avg_acpl": 27.70225239984455,
  "variance_acpl": 268.0081389751401,
  "std_acpl": 16.370954125375224,
  "high_median_acpl": 23.8,
  "low_median_acpl": 23.8,
  "avg_accuracy": 93.36062838982589,
  "variance_accuracy": 6.30262388814407,
  "std_accuracy": 2.5105027162192175,
  "high_median_accuracy": 93.33324032768857,
  "low_median_accuracy": 93.33324032768857,
  "avg_match_pct": 48.10196793802995,
  "variance_match_pct": 106.43808391835346,
  "std_match_pct": 10.316883440184514,
  "high_median_match_pct": 48.57142857142857,
  "low_median_match_pct": 48.57142857142857,
  "avg_maia_pct": 49.81636274090046,
  "variance_maia_pct": 95.79721573929679,
  "std_maia_pct": 9.78760520961572,
  "high_median_maia_pct": 50.72463768115942,
  "low_median_maia_pct": 50.72463768115942,
  "total_blunders": 182,
  "inference_seconds": 1047.9812567500048
}