{
  "elo_range": [
    2200,
    2399
  ],
  "games_analyzed": 250,
  "player_side_samples": 276,
  "avg_acpl": 26.394089779181652,
  "variance_acpl": 335.2169233829577,
  "std_acpl": 18.30893015397016,
  "high_median_acpl": 21.928571428571427,
  "low_median_acpl": 21.483870967741936,
  "avg_accuracy": 93.63997614431962,
  "variance_accuracy": 6.63366826564353,
  "std_accuracy": 2.5755908575788062,
  "high_median_accuracy": 93.73796920663263,
  "low_median_accuracy": 93.68301557293087,
  "avg_match_pct": 51.14999098378033,
  "variance_match_pct": 136.67603521192882,
  "std_match_pct": 11.690852629809719,
  "high_median_match_pct": 51.21951219512195,
  "low_median_match_pct": 51.21951219512195,
  "avg_maia_pct": 55.94646728555152,
  "variance_maia_pct": 83.72085628448288,
  "std_maia_pct": 9.149910179039075,
  "high_median_maia_pct": 56.45161290322581,
  "low_median_maia_pct": 56.41025641025641,
  "total_blunders": 275,
  "inference_seconds": 1373.8171437919955
}