{
  "elo_range": [
    1600,
    1799
  ],
  "games_analyzed": 250,
  "player_side_samples": 178,
  "avg_acpl": 33.38527492323454,
  "variance_acpl": 390.7535506246695,
  "std_acpl": 19.767487210686884,
  "high_median_acpl": 29.627450980392158,
  "low_median_acpl": 29.05263157894737,
  "avg_accuracy": 92.38863824339987,
  "variance_accuracy": 7.199113090326667,
  "std_accuracy": 2.683116302050037,
  "high_median_accuracy": 92.67054075997555,
  "low_median_accuracy": 92.66515611386059,
  "avg_match_pct": 46.870732037935355,
  "variance_match_pct": 142.5440600793259,
  "std_match_pct": 11.93918171732577,
  "high_median_match_pct": 46.666666666666664,
  "low_median_match_pct": 46.42857142857143,
  "avg_maia_pct": 48.93023242384389,
  "variance_maia_pct": 110.08199968605506,
  "std_maia_pct": 10.49199693509558,
  "high_median_maia_pct": 50.0,
  "low_median_maia_pct": 50.0,
  "total_blunders": 187,
  "inference_seconds": 1000.0692964580085
}