{
  "elo_range": [
    1200,
    1399
  ],
  "games_analyzed": 200,
  "player_side_samples": 161,
  "avg_acpl": 41.78318936738375,
  "variance_acpl": 656.1427492808851,
  "std_acpl": 25.61528350967221,
  "high_median_acpl": 34.68181818181818,
  "low_median_acpl": 34.68181818181818,
  "avg_accuracy": 91.48094440206062,
  "variance_accuracy": 9.823638421535318,
  "std_accuracy": 3.134268402918824,
  "high_median_accuracy": 91.69023713377112,
  "low_median_accuracy": 91.69023713377112,
  "avg_match_pct": 44.8212809642793,
  "variance_match_pct": 114.46674768747125,
  "std_match_pct": 10.6989133881657,
  "high_median_match_pct": 44.73684210526316,
  "low_median_match_pct": 44.73684210526316,
  "total_blunders": 245,
  "inference_seconds": 1089.3431824589998
}