{
  "elo_range": [
    1400,
    1599
  ],
  "games_analyzed": 250,
  "player_side_samples": 158,
  "avg_acpl": 32.131114598819735,
  "variance_acpl": 391.35088111560515,
  "std_acpl": 19.782590354036177,
  "high_median_acpl": 28.43076923076923,
  "low_median_acpl": 27.890243902439025,
  "avg_accuracy": 92.47079983373986,
  "variance_accuracy": 8.260095157784876,
  "std_accuracy": 2.874038127406259,
  "high_median_accuracy": 92.61094482944617,
  "low_median_accuracy": 92.5791177564568,
  "avg_match_pct": 47.66039031901894,
  "variance_match_pct": 129.11079385016149,
  "std_match_pct": 11.362693072074132,
  "high_median_match_pct": 47.36842105263158,
  "low_median_match_pct": 47.27272727272727,
  "avg_maia_pct": 49.87129957590401,
  "variance_maia_pct": 97.90202828410163,
  "std_maia_pct": 9.894545380364963,
  "high_median_maia_pct": 50.0,
  "low_median_maia_pct": 50.0,
  "total_blunders": 166,
  "inference_seconds": 799.6165678749967
}