{
  "elo_range": [
    600,
    799
  ],
  "games_analyzed": 11,
  "player_side_samples": 12,
  "avg_acpl": 68.46965554887554,
  "variance_acpl": 1702.6509821529692,
  "std_acpl": 41.26319161374904,
  "high_median_acpl": 62.490566037735846,
  "low_median_acpl": 56.407407407407405,
  "avg_accuracy": 87.9272685288984,
  "variance_accuracy": 17.62233837946083,
  "std_accuracy": 4.197896899574933,
  "high_median_accuracy": 88.45729607159285,
  "low_median_accuracy": 88.24343476421267,
  "avg_match_pct": 43.586287188364544,
  "variance_match_pct": 129.73548275094856,
  "std_match_pct": 11.390148495561792,
  "high_median_match_pct": 45.45454545454545,
  "low_median_match_pct": 45.45454545454545,
  "avg_maia_pct": 47.991618176975116,
  "variance_maia_pct": 72.12210916784151,
  "std_maia_pct": 8.49247367778326,
  "high_median_maia_pct": 50.943396226415096,
  "low_median_maia_pct": 48.484848484848484,
  "total_blunders": 42,
  "inference_seconds": 93.44974420801736
}