{
  "elo_range": [
    2000,
    2199
  ],
  "games_analyzed": 250,
  "player_side_samples": 257,
  "avg_acpl": 24.9731047599742,
  "variance_acpl": 285.115469399724,
  "std_acpl": 16.88536257827246,
  "high_median_acpl": 21.228571428571428,
  "low_median_acpl": 21.228571428571428,
  "avg_accuracy": 93.8049026686037,
  "variance_accuracy": 6.596976343934544,
  "std_accuracy": 2.5684579700541224,
  "high_median_accuracy": 94.10263439952834,
  "low_median_accuracy": 94.10263439952834,
  "avg_match_pct": 51.0895045914337,
  "variance_match_pct": 130.73373459732622,
  "std_match_pct": 11.433885367508553,
  "high_median_match_pct": 50.892857142857146,
  "low_median_match_pct": 50.892857142857146,
  "avg_maia_pct": 54.34133664972545,
  "variance_maia_pct": 86.63120330673442,
  "std_maia_pct": 9.307588479661874,
  "high_median_maia_pct": 53.84615384615385,
  "low_median_maia_pct": 53.84615384615385,
  "total_blunders": 234,
  "inference_seconds": 1393.356500416994
}