{
  "elo_range": [
    1000,
    1199
  ],
  "games_analyzed": 250,
  "player_side_samples": 263,
  "avg_acpl": 45.949279252657334,
  "variance_acpl": 699.7299817136839,
  "std_acpl": 26.452409752491054,
  "high_median_acpl": 37.69090909090909,
  "low_median_acpl": 37.69090909090909,
  "avg_accuracy": 90.28176105204776,
  "variance_accuracy": 11.673739102863726,
  "std_accuracy": 3.4166853971157085,
  "high_median_accuracy": 90.62608872109243,
  "low_median_accuracy": 90.62608872109243,
  "avg_match_pct": 41.4081793422465,
  "variance_match_pct": 97.75356408082517,
  "std_match_pct": 9.887040208314376,
  "high_median_match_pct": 41.30434782608695,
  "low_median_match_pct": 41.30434782608695,
  "avg_maia_pct": 48.71752217854303,
  "variance_maia_pct": 94.71300277269948,
  "std_maia_pct": 9.732060561499784,
  "high_median_maia_pct": 48.275862068965516,
  "low_median_maia_pct": 48.275862068965516,
  "total_blunders": 424,
  "inference_seconds": 1208.0534029580012
}