{
  "elo_range": [
    2600,
    2799
  ],
  "games_analyzed": 250,
  "player_side_samples": 340,
  "avg_acpl": 11.900001920649663,
  "variance_acpl": 94.52691226006645,
  "std_acpl": 9.72249516636889,
  "high_median_acpl": 9.34375,
  "low_median_acpl": 9.306122448979592,
  "avg_accuracy": 96.38541617868493,
  "variance_accuracy": 3.525369826298004,
  "std_accuracy": 1.8775968220834856,
  "high_median_accuracy": 96.72080431689706,
  "low_median_accuracy": 96.71620159415986,
  "avg_match_pct": 61.33432299382992,
  "variance_match_pct": 115.33745753875996,
  "std_match_pct": 10.73952780799789,
  "high_median_match_pct": 61.53846153846154,
  "low_median_match_pct": 61.53846153846154,
  "avg_maia_pct": 54.56886709427222,
  "variance_maia_pct": 78.5489662042534,
  "std_maia_pct": 8.86278546531808,
  "high_median_maia_pct": 53.84615384615385,
  "low_median_maia_pct": 53.84615384615385,
  "total_blunders": 82,
  "inference_seconds": 1581.2602390840184
}