{
  "elo_range": [
    1200,
    1399
  ],
  "games_analyzed": 250,
  "player_side_samples": 211,
  "avg_acpl": 40.33981529286187,
  "variance_acpl": 474.9065874440971,
  "std_acpl": 21.792351581325434,
  "high_median_acpl": 33.95348837209303,
  "low_median_acpl": 33.95348837209303,
  "avg_accuracy": 91.2611980378591,
  "variance_accuracy": 9.75053191041923,
  "std_accuracy": 3.122584171870989,
  "high_median_accuracy": 91.53697941619491,
  "low_median_accuracy": 91.53697941619491,
  "avg_match_pct": 43.98526954466569,
  "variance_match_pct": 119.4694316058353,
  "std_match_pct": 10.930207299307515,
  "high_median_match_pct": 43.58974358974359,
  "low_median_match_pct": 43.58974358974359,
  "avg_maia_pct": 48.92776356384477,
  "variance_maia_pct": 88.47672063761925,
  "std_maia_pct": 9.406206495586797,
  "high_median_maia_pct": 48.148148148148145,
  "low_median_maia_pct": 48.148148148148145,
  "total_blunders": 306,
  "inference_seconds": 1019.4229200839764
}