{
  "Profile": [
    2000,
    2199
  ],
  "Games_analysed ": 65,
  "avg ACPL": 67.15177672586297,
  "std_deviaiton": 40.948900422585,
  " avg top-move % ": 39.74574696287187,
  "avg accuracy": 88.67035498131258,
  "total blunders": 202,
  "SUSPICION SCORE": 0.0
}