{
  "Profile": [
    1400,
    1599
  ],
  "Games_analysed ": 36,
  "avg ACPL": 75.01911748999875,
  "std_deviaiton": 32.66471184583609,
  " avg top-move % ": 36.765339023803726,
  "avg accuracy": 86.99421109479157,
  "total blunders": 100,
  "SUSPICION SCORE": 0.38
}