{
  "elo_range": [
    2800,
    2999
  ],
  "games_analyzed": 250,
  "player_side_samples": 263,
  "avg_acpl": 43.65329490354264,
  "variance_acpl": 903.355340732591,
  "std_acpl": 30.05587032066433,
  "high_median_acpl": 34.92,
  "low_median_acpl": 34.92,
  "avg_accuracy": 91.39450360053657,
  "variance_accuracy": 14.681689692178104,
  "std_accuracy": 3.831669308823258,
  "high_median_accuracy": 92.14147892417947,
  "low_median_accuracy": 92.14147892417947,
  "avg_match_pct": 44.69442415938469,
  "variance_match_pct": 118.76511628236346,
  "std_match_pct": 10.89794091938305,
  "high_median_match_pct": 43.75,
  "low_median_match_pct": 43.75,
  "avg_maia_pct": 55.66559564074678,
  "variance_maia_pct": 110.28323050584099,
  "std_maia_pct": 10.501582285819646,
  "high_median_maia_pct": 55.55555555555556,
  "low_median_maia_pct": 55.55555555555556,
  "total_blunders": 490,
  "inference_seconds": 3327.449792667001
}