{
  "elo_range": [
    2000,
    2199
  ],
  "games_analyzed": 250,
  "player_side_samples": 303,
  "avg_acpl": 49.112736457360214,
  "variance_acpl": 686.8798623986409,
  "std_acpl": 26.208392976270805,
  "high_median_acpl": 44.53125,
  "low_median_acpl": 44.53125,
  "avg_accuracy": 90.37686988515944,
  "variance_accuracy": 15.483430032877548,
  "std_accuracy": 3.9348989863626165,
  "high_median_accuracy": 90.39167978904095,
  "low_median_accuracy": 90.39167978904095,
  "avg_match_pct": 41.89251672405976,
  "variance_match_pct": 125.95723138747127,
  "std_match_pct": 11.223066933217108,
  "high_median_match_pct": 41.1764705882353,
  "low_median_match_pct": 41.1764705882353,
  "avg_maia_pct": 56.70327405193929,
  "variance_maia_pct": 100.76379111871384,
  "std_maia_pct": 10.038116910990519,
  "high_median_maia_pct": 57.142857142857146,
  "low_median_maia_pct": 57.142857142857146,
  "total_blunders": 622,
  "inference_seconds": 1103.5515571249998
}