{
  "elo_range": [
    1400,
    1599
  ],
  "games_analyzed": 250,
  "player_side_samples": 313,
  "avg_acpl": 77.29751681746117,
  "variance_acpl": 2115.042908036853,
  "std_acpl": 45.989595649851644,
  "high_median_acpl": 68.9090909090909,
  "low_median_acpl": 68.9090909090909,
  "avg_accuracy": 86.81175766786318,
  "variance_accuracy": 33.06623547223225,
  "std_accuracy": 5.750324814498069,
  "high_median_accuracy": 87.3937307452275,
  "low_median_accuracy": 87.3937307452275,
  "avg_match_pct": 35.067209532513864,
  "variance_match_pct": 170.51958370624303,
  "std_match_pct": 13.058314734537648,
  "high_median_match_pct": 35.80246913580247,
  "low_median_match_pct": 35.80246913580247,
  "avg_maia_pct": 51.16865087039597,
  "variance_maia_pct": 208.93729640509846,
  "std_maia_pct": 14.454663482942053,
  "high_median_maia_pct": 52.459016393442624,
  "low_median_maia_pct": 52.459016393442624,
  "total_blunders": 918,
  "inference_seconds": 907.8890339169884
}