{
  "elo_range": [
    2400,
    2599
  ],
  "games_analyzed": 80,
  "player_side_samples": 80,
  "avg_acpl": 28.341626293196562,
  "variance_acpl": 704.9341136268563,
  "std_acpl": 26.55059535352939,
  "high_median_acpl": 20.03448275862069,
  "low_median_acpl": 19.927272727272726,
  "avg_accuracy": 93.93107416017288,
  "variance_accuracy": 11.591919406195073,
  "std_accuracy": 3.404690794506173,
  "high_median_accuracy": 94.60693333340998,
  "low_median_accuracy": 94.58347816988231,
  "avg_match_pct": 52.39951289268114,
  "variance_match_pct": 139.2621138557954,
  "std_match_pct": 11.800936990586612,
  "high_median_match_pct": 51.61290322580645,
  "low_median_match_pct": 51.515151515151516,
  "total_blunders": 95,
  "inference_seconds": 517.3140963330006
}