{
  "elo_range": [
    1800,
    1999
  ],
  "games_analyzed": 250,
  "player_side_samples": 298,
  "avg_acpl": 55.77249377655016,
  "variance_acpl": 1041.7833376147394,
  "std_acpl": 32.27666862634277,
  "high_median_acpl": 49.69047619047619,
  "low_median_acpl": 49.62,
  "avg_accuracy": 89.36714002067414,
  "variance_accuracy": 17.588896629980802,
  "std_accuracy": 4.193911852910216,
  "high_median_accuracy": 89.39956768584226,
  "low_median_accuracy": 89.37463517025193,
  "avg_match_pct": 39.81705588294612,
  "variance_match_pct": 128.61684466299755,
  "std_match_pct": 11.340936674851754,
  "high_median_match_pct": 39.53488372093023,
  "low_median_match_pct": 39.473684210526315,
  "avg_maia_pct": 55.44930932166564,
  "variance_maia_pct": 103.18007381638604,
  "std_maia_pct": 10.157759291122527,
  "high_median_maia_pct": 56.41025641025641,
  "low_median_maia_pct": 56.41025641025641,
  "total_blunders": 681,
  "inference_seconds": 1135.0056352500105
}