{
  "elo_range": [
    1600,
    1799
  ],
  "games_analyzed": 80,
  "player_side_samples": 93,
  "avg_acpl": 63.610729663526925,
  "variance_acpl": 1108.300209533272,
  "std_acpl": 33.29114310944087,
  "high_median_acpl": 56.54545454545455,
  "low_median_acpl": 56.54545454545455,
  "avg_accuracy": 88.75797659407931,
  "variance_accuracy": 14.367473614401757,
  "std_accuracy": 3.790445041733458,
  "high_median_accuracy": 89.33349884273328,
  "low_median_accuracy": 89.33349884273328,
  "avg_match_pct": 38.67341702974504,
  "variance_match_pct": 113.82156397752325,
  "std_match_pct": 10.668718947348985,
  "high_median_match_pct": 40.0,
  "low_median_match_pct": 40.0,
  "total_blunders": 249,
  "inference_seconds": 393.2109702079979
}