{
  "elo_range": [
    1200,
    1399
  ],
  "games_analyzed": 250,
  "player_side_samples": 303,
  "avg_acpl": 80.89663717980598,
  "variance_acpl": 1943.522208174386,
  "std_acpl": 44.0853967678004,
  "high_median_acpl": 73.0625,
  "low_median_acpl": 73.0625,
  "avg_accuracy": 85.87750385984931,
  "variance_accuracy": 34.33153824639965,
  "std_accuracy": 5.859312096688455,
  "high_median_accuracy": 86.38057241155364,
  "low_median_accuracy": 86.38057241155364,
  "avg_match_pct": 33.60689838148869,
  "variance_match_pct": 177.6304259202902,
  "std_match_pct": 13.327806493203981,
  "high_median_match_pct": 33.333333333333336,
  "low_median_match_pct": 33.333333333333336,
  "avg_maia_pct": 48.08658992989506,
  "variance_maia_pct": 179.80061946577104,
  "std_maia_pct": 13.408975332432044,
  "high_median_maia_pct": 49.09090909090909,
  "low_median_maia_pct": 49.09090909090909,
  "total_blunders": 866,
  "inference_seconds": 763.992926292005
}