{
  "elo_range": [
    600,
    799
  ],
  "games_analyzed": 250,
  "player_side_samples": 250,
  "avg_acpl": 85.12092524252613,
  "variance_acpl": 3462.567378123071,
  "std_acpl": 58.84358400134267,
  "high_median_acpl": 69.14285714285714,
  "low_median_acpl": 68.8,
  "avg_accuracy": 82.57465240492107,
  "variance_accuracy": 64.2899713050919,
  "std_accuracy": 8.01810272477797,
  "high_median_accuracy": 82.86917776771676,
  "low_median_accuracy": 82.83380890623754,
  "avg_match_pct": 24.353235488558674,
  "variance_match_pct": 410.88214289570783,
  "std_match_pct": 20.270227993185173,
  "high_median_match_pct": 25.0,
  "low_median_match_pct": 25.0,
  "avg_maia_pct": 34.941168255297825,
  "variance_maia_pct": 505.16168524016814,
  "std_maia_pct": 22.47580221572009,
  "high_median_maia_pct": 36.36363636363637,
  "low_median_maia_pct": 35.714285714285715,
  "total_blunders": 492,
  "inference_seconds": 969.1181920829986
}