{
  "elo_range": [
    2600,
    2799
  ],
  "games_analyzed": 250,
  "player_side_samples": 332,
  "avg_acpl": 43.74468410824608,
  "variance_acpl": 884.7631345540416,
  "std_acpl": 29.74496822244128,
  "high_median_acpl": 37.875,
  "low_median_acpl": 37.69090909090909,
  "avg_accuracy": 90.94402256822401,
  "variance_accuracy": 14.02945407849097,
  "std_accuracy": 3.745591285563732,
  "high_median_accuracy": 91.09121150053448,
  "low_median_accuracy": 91.0817230779034,
  "avg_match_pct": 44.945694090788365,
  "variance_match_pct": 116.52690239051327,
  "std_match_pct": 10.794762729699679,
  "high_median_match_pct": 44.067796610169495,
  "low_median_match_pct": 44.0,
  "avg_maia_pct": 56.59297750285528,
  "variance_maia_pct": 87.04143568533995,
  "std_maia_pct": 9.329599974561608,
  "high_median_maia_pct": 56.25,
  "low_median_maia_pct": 56.25,
  "total_blunders": 682,
  "inference_seconds": 2343.3617314580188
}