{
  "elo_range": [
    1000,
    1199
  ],
  "games_analyzed": 250,
  "player_side_samples": 270,
  "avg_acpl": 104.57661828585826,
  "variance_acpl": 3659.3410145868743,
  "std_acpl": 60.49248725740143,
  "high_median_acpl": 92.05882352941177,
  "low_median_acpl": 91.8,
  "avg_accuracy": 83.60811845962546,
  "variance_accuracy": 55.62941014290172,
  "std_accuracy": 7.458512595880074,
  "high_median_accuracy": 85.02202276030346,
  "low_median_accuracy": 85.01477183004124,
  "avg_match_pct": 28.303166033967265,
  "variance_match_pct": 161.87233752791934,
  "std_match_pct": 12.72290601741282,
  "high_median_match_pct": 28.571428571428573,
  "low_median_match_pct": 28.571428571428573,
  "avg_maia_pct": 43.661594999887654,
  "variance_maia_pct": 183.15024851933282,
  "std_maia_pct": 13.53330146414144,
  "high_median_maia_pct": 44.44444444444444,
  "low_median_maia_pct": 44.44444444444444,
  "total_blunders": 904,
  "inference_seconds": 703.1645113340055
}