{
  "elo_range": [
    800,
    999
  ],
  "games_analyzed": 250,
  "player_side_samples": 252,
  "avg_acpl": 131.30216286675514,
  "variance_acpl": 6250.228265047905,
  "std_acpl": 79.05838516595128,
  "high_median_acpl": 118.14285714285714,
  "low_median_acpl": 117.85,
  "avg_accuracy": 82.22131008385138,
  "variance_accuracy": 80.34553232948613,
  "std_accuracy": 8.96356694232191,
  "high_median_accuracy": 83.69816902951206,
  "low_median_accuracy": 83.63343536668239,
  "avg_match_pct": 25.78428895460896,
  "variance_match_pct": 242.23684002264562,
  "std_match_pct": 15.563959651150656,
  "high_median_match_pct": 25.0,
  "low_median_match_pct": 25.0,
  "avg_maia_pct": 37.940637107078594,
  "variance_maia_pct": 297.59828705662466,
  "std_maia_pct": 17.25103727480248,
  "high_median_maia_pct": 37.5,
  "low_median_maia_pct": 36.8421052631579,
  "total_blunders": 862,
  "inference_seconds": 589.3156051250116
}