{
  "elo_range": [
    2400,
    2599
  ],
  "games_analyzed": 250,
  "player_side_samples": 250,
  "avg_acpl": 36.2447830324728,
  "variance_acpl": 804.6061951715509,
  "std_acpl": 28.365581171052195,
  "high_median_acpl": 28.181818181818183,
  "low_median_acpl": 28.133333333333333,
  "avg_accuracy": 92.00225903226253,
  "variance_accuracy": 22.068209165884763,
  "std_accuracy": 4.697681254181127,
  "high_median_accuracy": 92.74825366847257,
  "low_median_accuracy": 92.73902935774191,
  "avg_match_pct": 48.89873366510528,
  "variance_match_pct": 182.01534178976283,
  "std_match_pct": 13.491306155808742,
  "high_median_match_pct": 47.22222222222222,
  "low_median_match_pct": 47.05882352941177,
  "avg_maia_pct": 59.64938487814006,
  "variance_maia_pct": 120.17585801962346,
  "std_maia_pct": 10.962474995165255,
  "high_median_maia_pct": 60.0,
  "low_median_maia_pct": 60.0,
  "total_blunders": 346,
  "inference_seconds": 1603.1052880419884
}