{
  "elo_range": [
    2200,
    2399
  ],
  "games_analyzed": 250,
  "player_side_samples": 253,
  "avg_acpl": 45.99820848176659,
  "variance_acpl": 724.4947444682537,
  "std_acpl": 26.916440040767903,
  "high_median_acpl": 42.833333333333336,
  "low_median_acpl": 42.833333333333336,
  "avg_accuracy": 90.60890862841308,
  "variance_accuracy": 15.991092312371773,
  "std_accuracy": 3.9988863840289053,
  "high_median_accuracy": 91.03217622064368,
  "low_median_accuracy": 91.03217622064368,
  "avg_match_pct": 43.68060818166148,
  "variance_match_pct": 102.29840849339003,
  "std_match_pct": 10.11426757078287,
  "high_median_match_pct": 43.47826086956522,
  "low_median_match_pct": 43.47826086956522,
  "avg_maia_pct": 59.81316774778835,
  "variance_maia_pct": 74.14390004171005,
  "std_maia_pct": 8.610685224865096,
  "high_median_maia_pct": 60.0,
  "low_median_maia_pct": 60.0,
  "total_blunders": 496,
  "inference_seconds": 1406.7874822089798
}