{
  "elo_range": [
    1600,
    1799
  ],
  "games_analyzed": 250,
  "player_side_samples": 301,
  "avg_acpl": 62.68206465369151,
  "variance_acpl": 987.5303165349856,
  "std_acpl": 31.424995092043936,
  "high_median_acpl": 55.470588235294116,
  "low_median_acpl": 55.470588235294116,
  "avg_accuracy": 88.02793933100072,
  "variance_accuracy": 18.93582813648863,
  "std_accuracy": 4.3515317000440925,
  "high_median_accuracy": 88.5629498915173,
  "low_median_accuracy": 88.5629498915173,
  "avg_match_pct": 38.55791288483119,
  "variance_match_pct": 110.02000716052872,
  "std_match_pct": 10.48904224228927,
  "high_median_match_pct": 39.130434782608695,
  "low_median_match_pct": 39.130434782608695,
  "avg_maia_pct": 55.08483660290384,
  "variance_maia_pct": 102.96787911237452,
  "std_maia_pct": 10.147308959146486,
  "high_median_maia_pct": 54.716981132075475,
  "low_median_maia_pct": 54.716981132075475,
  "total_blunders": 749,
  "inference_seconds": 1085.003139834007
}